{"main":"american-flights-api.raml","name":"American Flights API","organizationId":"d0ff237b-e5d3-4cf9-86f5-9a740e585f6c","groupId":"d0ff237b-e5d3-4cf9-86f5-9a740e585f6c","assetId":"american-flights-api","version":"1.0.0","metadata":{"branchId":"master","commitId":"a66f794430b08d09062b038ec17668e141b6f92e","projectId":"e6bc7e6f-2053-4c26-8388-3835173e9ab0"},"apiVersion":"v1","classifier":"raml","dependencies":[{"assetId":"training-american-flight-data-type","groupId":"68ef9520-24e9-4cf2-b2f5-620025690913","version":"1.0.1"},{"assetId":"training-american-flights-example","groupId":"68ef9520-24e9-4cf2-b2f5-620025690913","version":"1.0.1"}],"tags":[],"originalFormatVersion":"1.0"}